smiles,reward
S=C(Cl)NOOS,0.08457991382271937
C#CC#CCl,0.19249365959033402
N#S1(O)NSC(N=N)=C1Cl,-2.0
C=NS1=C(O)NC=C1S(=N)NF,-2.0
N=[SH]C(F)C(=N)O,-2.0
CSN=CCl,0.07767770649146942
C#CC#CSCl,0.13797020595757797
CS1=C=C=C=N1,-2.0
NS(=C=N[SH]=O)#CF,-2.0
C#F,-1.0
N#CONOC#O,-1.0
CC#[SH](Cl)NO,-2.0
O=C=COF,0.24546053779592641
NC(Cl)=C=O,0.5436334872654495
C#O,-1.0
C#S(NC(=O)O)=[SH]C#Cl,-1.0
C=C=C=F,-1.0
FN=C1OCN2OCC1O2,-2.0
O=CC=C=F,-1.0
C=Cl,-1.0
N#COSN[SH]=O,-2.0
FC1=NOOC1,1.167675339833685
C#SS(#C)=CN=O,-2.0
C=C(Cl)C#SC,-2.0
COC#O,-1.0
C#CC(=O)F,0.20580840804230152
CN=C=F,-1.0
C=C=NONCSS#O,-1.0
C#SN1C=[SH]NN1Cl,-2.0
ON1CCC=S(Cl)#SNN1,-2.0
C=[SH](=NF)NC=N,-2.0
C#Cl,-1.0
N#CSO[SH]=Cl,-1.0
N#CC#CCS,0.4457104621439063
C=NO[SH]=C,-2.0
CC#CC=NCl,0.08906854994205773
N#CCl,-5.0
C=NN(N)[SH]=F,-1.0
C=[SH]C(F)=C=O,-2.0
C1#S#[SH]=NO1,-2.0
O=CS#F,-1.0
N#[SH]=[SH]C#O,-1.0
N=C=CC1(N)OOC(=NC#S(=O)Cl)NS1,-2.0
C#CC(N)=[SH]#N,0.01577040303250685
C=CN(OC=N)ON=NCl,0.021035286841901014
N#[SH]=C=C=[SH]#N,-2.0
C=NSSCl,0.0011559525960274525
O=CC#S(=NCl)OOOOO,-2.0
O=CON=C[SH]=F,-1.0
CC(N)CF,1.5888332785300006
N=C=S(Cl)#S1=NC=C=N1,-2.0
N#S1(O)OS2(CF)NC1C=C2C=O,-2.0
N#C[SH](=O)(Cl)C=S(#N)NO,-2.0
C=CC(=O)F,0.270469057343727
NC1=NC(F)N(O)CN1,2.2166984620092007
C[SH](O)(F)=C(O)C#[SH],-2.0
O#CSC(O)=NCl,-1.0
NS#CC#CF,-2.0
ON[SH](S)C=NOF,-2.0
O=NCOCl,0.7006310447130644
CS#S(=N)NC#CF,-2.0
C#SC#CNC=CF,-2.0
OC=F,-1.0
c1c#coc#1,-2.0
COC#Cl,-1.0
C#S#SOCl,-2.0
CCCC(O)=CS#CF,-2.0
FN1C=[SH]2=NC3=C=C4C#S31N2O4,-2.0
N#S(=NO)C(=O)N(C#Cl)OS(=CO)N=N,-1.0
CC(F)=[SH](N)=S,0.11868573639346665
N#CN(F)N1C#S(=C=S=O)OO1,-2.0
C#CC=NF,0.038370777859857666
N#CC1=NNCC1,4.901215892704549
C=[SH]#O,-1.0
C#[SH]=F,-1.0
O=CC[SH]=C=S=Cl,-1.0
O=NC#Cl,-1.0
FCNSOS,0.0512350984489834
N=C=CCN,0.36644509471788034
FS1=CNSN=N1,-2.0
C=S1CONS1=O,-2.0
[SH]#SCNCl,-2.0
O=C(NO)NF,0.3707039889836826
N=CC(=C=CS)N=O,0.1296701957349194
N#CC(F)=S=O,0.4327808852790087
F=[SH]OC#[SH],-1.0
N#C[SH](N)(C=F)=NO,-1.0
CC#CS#Cl,-1.0
C=S=[SH]CF,-2.0
S=CC#Cl,-1.0
O=C(Cl)C#O,-1.0
CCS#O,-1.0
CC=[SH]S#O,-1.0
OC1=CO[SH](F)#[SH]1O,-2.0
N#CS[SH]=O,-2.0
C=CN(Cl)S(=N)[SH]=C,-2.0
C#CN(F)C(=NO)S(=N)#[SH],-2.0
C#S(=O)SF,-2.0
CC=NON=[SH]Cl,-2.0
C=NCC(F)S,0.07932457943634623
O#CNOCCO,-1.0
N#CF,-5.0
N=NC(=O)Cl,0.8229035035026268
NC1=[SH](=O)O[SH]=C=N1,-2.0
N#C[SH](#[SH])C(=O)O,-2.0
OC[SH]=Cl,-1.0
O=S1#CS#CN1,-2.0
CCSC#S#O,-1.0
ClN1C#CCN=[SH]1,-2.0
O=C(Cl)OOS,0.19763985628243388
N#CC#CF,0.63501167193396
C#[SH](C)N=Cl,-1.0
O=CN=F,-1.0
C=CN1N=[SH](=C)O[SH]=C1Cl,-2.0
COOC=O,0.33370593308128393
C[SH]=F,-1.0
O=CON=[SH]#O,-1.0
CN=C(O)S(C)=NCl,0.17455755198829936
C#S#F,-1.0
OC(=NONS)OF,0.10486843705861588
N#CS#F,-1.0
CS(N)(=O)(C=S)C(F)N=O,-2.0
OS(=S)#CF,-2.0
CC=[SH]NN=S=Cl,-1.0
CCC(=N)C(=CF)CS,0.5828335189691721
CN=[SH]#Cl,-1.0
CS1#CC2OC=1SN2F,-2.0
C#SN(C#CCl)NO,-2.0
CC1=CC#[SH](F)O1,-2.0
OC=NCF,0.3588419191223186
C#CN=C1NS(=C=C=O)(=[SH]#C)OCO1,-2.0
CNN=C=[SH]#Cl,-1.0
ClS1#CN=NC=1,-2.0
N#CNC=O,0.5809664195537552
ONOS1(F)=CC=NO[SH]=1,-2.0
N#CS#CC=[SH]#F,-1.0
CC(Cl)ON,0.7414890541000714
C#CC=CCl,0.21732295705527388
NC(C#O)=NF,-1.0
N#CSC=O,0.28924392087578166
N=CCC=O,0.4547994857216662
O=CCC(=S)N=S,0.3870562455760424
SC=C(Cl)N1N=NON1OS,0.024147628009735588
CC(=O)SS1(#N)NOCO1,0.4838694890664568
C=NON=[SH]SC#CCl,-2.0
C=C(Cl)ON,0.7081583655156036
C=[SH]C(F)=C=C=CO,-2.0
C[SH](=O)(F)C=[SH]O,-2.0
NC1C#[SH]=[SH]N=C1C#CF,-2.0
N#SCCSNN=CF,0.08365533079146842
N=COON=O,0.07563996100383462
NN(C#SO)CCl,-2.0
C=[SH]N(N=O)ON=C=NF,-2.0
NS1(C(=O)O)=C=N[SH](Cl)#CN=1,-2.0
O=NS#CS(=O)#CCl,-2.0
N=C=CC#COON,0.035479683876629295
CC=C=NCl,0.09664459205181318
CS(=O)#CF,-2.0
N#SON([SH]=NNOC=F)C(=O)C(=O)O,-1.0
C=S=C[SH]=Cl,-1.0
ON=CC=C=F,-1.0
N#CN=O,-5.0
N=C=C(Cl)S[SH]=O,-2.0
CNC(OC)OF,0.5696454049734133
C[SH]=[SH]#O,-1.0
NCC(F)S#S#O,-1.0
C=C1NCNSS1,0.37321596077959046
C[SH]=Cl,-1.0
COCC=[SH]#Cl,-1.0
O=CCS#F,-1.0
O#SCCl,-1.0
C=C(Cl)CNC,0.6254437235264794
OC(=S)N(O)Cl,0.519491824501633
C=NSOF,0.029714343714619507
C=[SH](=O)OC=S=NOCl,-2.0
C=[SH]OSOOF,-2.0
C1#SC#[SH]=C1,-2.0
N=S=CSOC=NF,-2.0
O=C(C#CCl)N=NS,0.2435649613405385
C=C=NS#Cl,-1.0
C[SH](C)C(=N)F,0.1734299072968344
O#SOC1=NC#C[SH]=N1,-1.0
N#S(=O)OC=O,0.25730924966307567
OSCOCl,0.29424895585250205
CC(C(N)=NF)C(SN)=S=O,0.1953436222365781
CC=NC=O,0.4184331414010468
N=[SH]C(=S)C(=O)F,0.12752321720884927
N#[SH]=COC#[SH]=F,-1.0
O#COF,-1.0
O=NSOS(=O)#CCOCl,-2.0
N#CN(O)F,0.6993876270562365
O=C=C=O,-5.0
O#SN=C=NF,-1.0
O=C=C=CC#S#S(=O)Cl,-2.0
N#C[SH](O)#CC=NN,-2.0
CC(=CNN)N(N)F,0.723958371645476
CN=Cl,-1.0
OC1=NC2C(Cl)N1C[SH]2#[SH],-2.0
C#C[SH]=NF,-2.0
CCOOC=Cl,-1.0
O=[SH]C#CF,-2.0
OCOC(O)=NCl,0.34999241558888267
C#CS1(OCl)#SOCN1N,-2.0
CS#S(O)=NCl,-2.0
C#[SH](F)C=C,-2.0
CC#CN=C=N,0.24671712934684384
N=S(=NO)(C(=O)F)S(=O)#CO,-2.0
N#COF,-5.0
O[SH]=COC(O)=C(Cl)C=C=S,0.130000200024712
C#CNOC#F,-1.0
ClC=S1ON=NO1,-2.0
CS(N=NF)=[SH]#N,-2.0
CC(=O)C(=O)Cl,0.7395850845892036
COCC(F)C#N,1.2651858388842494
CS#O,-1.0
C=F,-1.0
CCC#CF,0.2576084251724175
SOC1(Cl)N=CN=N1,0.07893332106172192
OC#CC=S=C=S=F,-1.0
FC1=S2=C=NC3=C(N=2)[SH]1#CO3,-2.0
C1=NOOO1,0.0070458380591601035
C#COSNO,0.05311878205146815
C=C=S=CO,0.0305717947873629
C#SS(=C)F,-2.0
F=C1C#COC1,-1.0
COOOCCl,0.2677545327151874
C=NC=CNOF,0.2022875842688795
CCNS#[SH]=Cl,-1.0
COC(F)OO,0.34759967230694705
CC#SSNCl,-2.0
C1=[SH]SCO1,-2.0
N=NC=Cl,-1.0
CC#Cl,-1.0
C#CC#CN=Cl,-1.0
C=NC#C[SH]=O,-2.0
C=CN=NCC=NC,0.19226933827709486
c1ccoc#1,-2.0
FC1OCSNS1,-2.0
N#CO[SH]=Cl,-1.0
N=NN=C=NC#CCl,-2.0
SC=C(S)N=Cl,-1.0
N#[SH]=C(Cl)N=O,0.0428343378446255
COO[SH]=C=C=C(F)ON=O,-2.0
N=C(Cl)[SH]=[SH]O,-2.0
CC[SH]=F,-1.0
C#[SH](C#O)CF,-1.0
C=S=NON=Cl,-1.0
NOOC(=O)Cl,0.395782702702304
O=NS(=O)C(=O)Cl,0.3187353087954627
CN[SH]=Cl,-1.0
N=C1CC[SH]=N1,-2.0
O=C=C=N[SH](=O)=C=O,-2.0
C#SCCSOCl,-2.0
S=COOC1=C(CCl)CN=S=C1,0.2966900980157539
C1ONN=[SH]1,-2.0
N#CN=NOCl,0.3240927292993443
O#CNN=NCF,-1.0
O=C(F)OO,0.5541864326511857
N#CC(=O)OCNOOS,0.04634917565740144
N#C[SH]=F,-1.0
C=C=S=Cl,-1.0
N#CO[SH]=C=NCF,-2.0
C#S(=O)C#N,-2.0
N#CN=C=N,0.4437812840189839
C#C[SH](Cl)#S(=N)O,-2.0
C=[SH]#S#O,-1.0
C=CC(C)[SH](F)#[SH],-2.0
SCC#CC1(Cl)C#COO1,-2.0
C=[SH]OS(#N)(NF)NC=O,-2.0
CN=S(#O)C(N)Cl,-1.0
N=[SH]SC(O)=CCl,0.0005838092178918013
O=CNC[SH]=O,0.046172575657540696
NC#S(=O)F,-2.0
O[SH]=NOCC#Cl,-1.0
CNN(S)CC(=O)Cl,0.35620074325101475
CSOC=NCl,0.13315149849926655
O=CC(=O)Cl,0.42629910176309843
C=NOC#SCl,-2.0
N#S#CN=S,-2.0
O=C=N[SH]1=NNN=[SH]=1CF,-2.0
OCON=CNS(O)=F,-1.0
C#SN=CF,-2.0
C#C[SH](C)Cl,-2.0
COC(C)(Cl)C#S#N,-2.0
CN(Cl)S1=C=S=COC1,-2.0
O=C=S(=O)(F)C=O,0.11721101212930213
C=S=CO[SH]=O,-2.0
O=CS(O)=C=[SH]#CCl,-2.0
CN=C=NCOCl,0.33203201204119664
N=C(N=O)C(Cl)=CCN=O,0.569202082151849
NN=C=CC=NOC=O,0.04382503917059877
C=S(Cl)#CC#N,-2.0
C=CO[SH]=NC,-2.0
N#SN=NC#CCl,-2.0
N#CC[SH](OOO)S(=N)NC#CF,-2.0
C=C(F)C(=N)ON=O,0.3283299997231429
NNC1=S2(C(=O)Cl)=S(CO1)N=C=C2,-2.0
O=C1ON=C=S1(=Cl)OO,-1.0
N#[SH]=CNN=[SH]OC=Cl,-1.0
N#CCC=S,0.5195954405376185
N=NSCC(=O)F,0.5400422611696241
N#CC#Cl,-1.0
N#CCN=F,-1.0
CC(F)C(=C=S)C#O,-1.0
C=[SH]N=F,-1.0
C=C(CCl)NC#CO,0.2551303255190919
C=[SH]#CSOCF,-2.0
CN(Cl)NO,0.5050616529538561
C=NC(N)OO,0.0701245497984995
O=C(S)N=Cl,-1.0
N#[SH](C#CCl)[SH]=O,-2.0
N#S1=S(=O)=C=C(OCl)N1,-2.0
C#CN=Cl,-1.0
C[SH]1N=NOC(CF)=NON=S=N1,-2.0
O=CC(=C=[SH]#O)CCl,-1.0
N#CN=C=S,0.17970617054988594
CC(F)=C=O,0.3522615870658842
N=[SH]C#CCl,-2.0
N=C=C=[SH](=N)C#SCl,-2.0
C#CCC=NC=C=O,0.17015772219570943
N#SC1=C=C=NN=S(F)#C1,-2.0
CN=CNCl,0.7238185322705167
O[SH](#CC#CCl)NS,-2.0
C=C(CF)SNN,0.25262791524557515
C[SH](=O)(O)NC(=O)F,0.07887108359594402
C#S(=CCl)COS(#N)=N,-2.0
N=NS#[SH]=CCl,-2.0
O=C=S=[SH]Cl,-2.0
CSON=C(S)C(=CO)N=N,0.1116529362949555
CCSOS#N,0.27649832398804935
C=CNN=Cl,-1.0
CC#C[SH](Cl)#S#N,-2.0
C=C(N)[SH]=F,-1.0
N#S(=C=N)C(=O)NCl,0.0699573693694654
C=S=Cl,-1.0
CCC#Cl,-1.0
N#CN(O)Cl,0.8008901948263583
O=C=O,-5.0
C=NN=C(F)CS,0.3803283849423643
N=C[SH](OSO)C(=O)F,-2.0
CN=C(Cl)C(=C[SH](OC)#[SH]=N)N=CC=O,-2.0
N#S1(Cl)C=NC#CO1,-2.0
C=S(Cl)OC=O,0.11058472861249194
C#S#O,-1.0
NSC(Cl)C=O,0.17689631945711237
O=CS1=NC=C=CC1(O)Cl,-2.0
O=C=C(Cl)S#O,-1.0
C=S=S=CCl,-2.0
C=S(=N)=NO,0.167281034981984
O=C=C=CCl,-2.0
NSC(=O)Cl,0.6252357508626684
N=S1(=CCl)NN=CO1,-2.0
N=C(N)C#[SH],-2.0
O=COC#CCl,0.29199437371463427
C=COC=NC,0.2774263256318607
O=NC1(OCl)NN(O)NS1,-2.0
C=S1#CS(N)=COOC(Cl)=CO1,-2.0
N=COOC#F,-1.0
O=NN=NC(=O)OC(OOC#O)=[SH]F,-1.0
CN(O)S(=S)C#F,-1.0
O=C(S)C#F,-1.0
C=S(#N)S#N,-2.0
CC=F,-1.0
C=C=C(O)S#Cl,-1.0
C=N[SH]=Cl,-1.0
C=S=S=CCF,-2.0
CCC#O,-1.0
C=C(Cl)C#N,1.10246932072695
CC(=O)C#COS,0.326675351548099
NOC=F,-1.0
CC#COF,0.18387269159740718
C#CC=Cl,-1.0
CN=S=CS#CCl,-2.0
O=C=C(F)C(=O)OOS,0.08195965464505371
O=CC=[SH]#C[SH]=O,-2.0
N#COCCl,0.5223544861859598
O=[SH]1=C=S(#O)OC=CC1Cl,-1.0
CS(C)=F,-1.0
O=COOOF,0.1355444850822908
C#COC1=C(N=[SH](=N)F)N[SH]=C1,-2.0
C#C[SH](C)OF,-2.0
F#CC=S,-1.0
C=S(#N)C#F,-1.0
C=[SH]#[SH]=F,-1.0
O=C(C#[SH])N=CS,-2.0
N#SCC=[SH]F,-2.0
N=[SH](N)(N=O)C(=O)Cl,0.10637955763065356
C#CC#C[SH]=C=Cl,-1.0
OC[SH]=NN=CCF,0.017272001751571942
O#C[SH]=NO,-1.0
N=CS1=[SH](=CF)N=NN1,-2.0
CC=[SH]NF,-2.0
CS(=CCl)OC=N,-2.0
N=[SH][SH]1N=COC2C=C1NC#CC=N2,-2.0
O#CCC#CCl,-1.0
C=S(=O)=NF,0.31902356521700487
O=C=COS,0.09597316833743705
N#COCOCl,0.2789454320558789
NC=COCl,0.3809673234109072
CN=CNC(=O)Cl,0.5052524617753097
OC#SCOC#[SH]=c1nnnc(F)o1,-2.0
O=NOCF,0.7925007409619987
C=[SH](C=C(C)C#CF)=NC=[SH]ONO,-2.0
C=S(S)#COF,-2.0
CC#CNF,0.2704253320499671
N#CN=[SH]Cl,-2.0
CC(Cl)C#[SH]=C=O,-2.0
C=NS(=O)#CCl,-2.0
OS1(F)NOC#S1,-2.0
N=C=NCC#S(=O)F,-2.0
C=C=C[SH]=[SH]#N,-2.0
C=NC=F,-1.0
C#[SH]=C(Cl)S(#N)=O,-2.0
CC(NON)=S(O)#SF,-2.0
SC#Cl,-1.0
N=S=C=NF,-2.0
C#CC(=C)S,0.19312311666163384
O=S(CCF)NS,0.23126091636886442
C=NC=NC#S#F,-1.0
C#CC(O)NCl,0.14759589180633909
C=[SH](=C)ONC#CCl,-2.0
C=CS(=O)#CCl,-2.0
N#[SH](Cl)CN,-2.0
C[SH](#O)SNCCl,-1.0
OCOSOCl,0.2654572621597511
C#CC(=O)SOC=O,0.1345624105742355
C[SH]1#S(=O)C#CC#C1,-2.0
C=C=CC#O,-1.0
C#S(O)=C[SH]=C,-2.0
OS1(N=NCl)OOC2=N[SH]13=NC(=C2)ON3,-2.0
CS#SCCl,-2.0
O=[SH]CCCl,0.009441688461192635
NO[SH](#F)C=C=C=O,-1.0
C=NNOCF,0.1710530779639692
O=NCOC=[SH]S#F,-1.0
O#CSN=CN=NONC=CCl,-1.0
O=COC#SCl,-2.0
C#SN=C=S(#N)C#CCl,-2.0
C=C(O)C(F)(C=O)C=S,0.17129135256747655
C=NONNOCl,0.04851079073130669
NC(N)=NF,0.3904579799359251
N#CN=NO,0.5303185021018687
C#CN=[SH]#CO,-2.0
O#CC=NCl,-1.0
CS#S(Cl)=NNO,-2.0
C#C[SH]=S(#CO)OF,-2.0
C1#SNC=[SH]1,-2.0
C=C(F)N(N)O,0.7653886346230896
OC(=S)N(S)NCl,0.16640583887529425
C#[SH]=C=[SH]#Cl,-1.0
ON=S1#CC(O)NO1,-2.0
SC=S=C=NCl,-2.0
C=C([SH]=O)[SH](=N)=O,-2.0
FS1=NSNC2N=C1ON2,-2.0
SC=COCl,0.050021911498150384
C=C=C=S(O)C#F,-1.0
O=CC=S=Cl,-1.0
N=CN(N)C#CCl,0.08683552102392648
CN(F)C#N,1.5892849377661107
N#CN=NN,0.28144972287486
C=[SH]ON=O,-2.0
C[SH]=[SH](N)(C#O)OC#CF,-1.0
C=S(F)(C#CO)=[SH]#N,-2.0
FN1C#COS1,-2.0
OCC=C(F)N=C=NO,0.3254241779607218
C=C1N=NCO1,1.4958790859296585
C=S=COF,-2.0
O#SCC=NO,-1.0
COOO[SH](O)CS(=C=N)(CN)=NF,-2.0
O=C=[SH](=O)F,0.0444444186457675
COC#CF,0.18528967868707122
C=S1N=C(O)OC#S1,-2.0
N#S(=NC(=O)F)SC(=O)O,0.49780810339487885
C=NSNF,0.029160744423736038
C=CO[SH]=F,-1.0
C#[SH]=Cl,-1.0
C#S(Cl)(C=O)C(O)CS,-2.0
C#CC=C=NCl,0.01832041068096562
O=C=NN=[SH]N=Cl,-1.0
C#CC(OCl)=[SH]O,-2.0
O=C(F)NO,0.31851617200090954
NSC(=O)O,0.812067845180446
O=CON=CN=O,0.08238054198654461
CC(=NS)OCl,0.2391405345157143
C#CSOOCl,0.030230430930933208
N#S#CN=CF,-2.0
C=NC(NO)N(Cl)[SH]=C,-2.0
O=[SH](F)(CS)OO,-2.0
C#SC=COC,-2.0
O=NC(=O)F,0.7694383573073176
C#CC#[SH]=C(F)S#N,-2.0
C=CS1([SH](#N)F)N=CC(=C)O1,-2.0
FNOC#[SH],-2.0
N#CC=NF,0.36082852278958777
FCC#S#[SH],-2.0
O=C=C=NN=CC#[SH],-2.0
O=C=F,-1.0
ClC1C2CC#S1=NCSOO2,-2.0
C#SSNF,-2.0
O=CC(Cl)NN(N=S)[SH]=O,-2.0
CC#[SH]=CC(=O)N(F)C=NO,-2.0
C#CNOCl,0.09944807165257598
CC(O)CF,1.5799981790070583
O[SH]1=C=C(OF)NN=1,-2.0
C#[SH]1C(=O)C#CC1(S)NO,-2.0
NO[SH]1NC#C[SH]1OOF,-2.0
NC12OCC(=C(F)[SH]1#[SH])O2,-2.0
SC1CN(Cl)C2=NC1NC2,-2.0
C=C(C=O)N(S)N=Cl,-1.0
N=NS(=N)(=O)C(=O)O,0.3865724340020867
C=[SH]#SOCl,-2.0
N=C(C=CO)OCl,0.30587560948073306
CC=Cl,-1.0
O#CF,-1.0
N=[SH]N=S(=C=O)=NF,-2.0
COC(C)=C=O,0.6062180243829997
N#CN=[SH]C#N,-2.0
C=S1#COC(C)(F)C1,-2.0
C#[SH](N)S(=N)#CCl,-2.0
N=C=C[SH]=Cl,-1.0
O=S(C#CF)S1(O)(O)=COC=C=N1,-2.0
N#[SH](S)C#CF,-2.0
O=C=CS(=O)F,0.10828408520623146
COC1(F)N=N[SH]2#CO[SH](O2)O1,-2.0
FC#[SH]=NS,-2.0
ON=CN=Cl,-1.0
N=C=[SH]#O,-1.0
C=C(N)C(F)C(C)OC,1.27904731746053
N#CC(O)(Cl)C#N,0.5012654103577221
O=S1(C#F)=[SH]CC#CN=N1,-1.0
C#S#CN=O,-2.0
O=COOF,0.23250214953642268
C=NC#CF,0.03184966095394055
N#CSC#[SH]=NC=O,-2.0
N#S(=CC(=O)F)[SH](=O)=O,0.032024380031966386
N=[SH](=F)C=O,-1.0
N=[SH]OCF,-2.0
C=CC(=S)Cl,0.2811043609965853
O=NOC(=O)F,0.5939428226931973
CNS(=O)#Cl,-1.0
CNNOC=NCl,0.08673279136601056
NSN(O)C(F)=CO,0.1312706353238246
C#S(=C=Cl)SC,-1.0
C#C[SH]=Cl,-1.0
N#CC(N)=S(Cl)#CS,-2.0
C=NCC=[SH](=N)ON=C(OC)C(N)=O,0.05172872231742979
O=C=[SH]S#F,-1.0
FC=C=[SH]#CN=COS,-2.0
N=NC(=NCl)OCS,0.1461315775904878
CC1(S)ON=C[SH](Cl)O1,-2.0
O=C(NO)OCCl,0.5318215672462016
C=S=NN=O,0.020752416725999787
CCO[SH]=O,0.17797602243994418
C=C=COOON,0.12826019811693162
N#COC=O,0.3164573269877716
N#S(C#O)=S(F)#CO,-1.0
O=[SH]OC(O)Cl,-2.0
O=S(C#[SH])#CCl,-2.0
C#S(O)(F)OC=O,-2.0
CCOC#CC=[SH]#O,-1.0
N#CN=Cl,-1.0
N#CC(O)NOF,0.10782925221462192
COSCC=F,-1.0
C#CN[SH]=[SH]#F,-1.0
C=C=NSO,0.05298164480352825
C=NN=[SH]#Cl,-1.0
C#CS#Cl,-1.0
N=NN=C=NCl,0.00870133225812781
NC=CNCl,0.373820963877657
F#CN[SH]1(S)=C=C=C=C1,-1.0
C=NC1=[SH]NN(O)C1OCl,-2.0
O=[SH]N(C#CO)OCl,-2.0
ON[SH](O)#CSO,-2.0
O=C1CN(OF)C=N1,1.2290878467387159
O=NC1=S(Cl)CCS1,0.15484000007483473
O#SC#[SH]=CF,-1.0
CC[SH](=O)=O,0.5058259207038488
N=NC(O)SCCl,0.11080907778023294
OCN(O)Cl,0.34609111137289356
C=C(F)OC,0.4073144221577305
O=CC#SCl,-2.0
C=C(N=O)[SH]=O,0.11788562311058395
N=S=C=N[SH]=O,-2.0
CS(Cl)=S=O,0.19892891060840381
O=C=Cl,-1.0
N=CC(=NF)SC=S,0.025594835605347834
C[SH](=N)(Cl)SC=NCO,-2.0
O#CON=C=CF,-1.0
CC=C=NOCl,0.19098886729169656
NN=NCC=Cl,-1.0
OC1=NC(F)=S=N1,1.3367805556401713
OCNOC=C[SH]=Cl,-1.0
O=CS#CF,-2.0
O#CC#CCl,-1.0
OC#CCCl,0.5044621478980362
NC(=O)OCl,1.533526419882826
O=CN(Cl)CCS,0.41822989145495815
CCC=NC,0.3598017006213634
CNS(=F)#[SH],-1.0
FC=C=NS,-2.0
O=C=C=[SH]#O,-1.0
C#S#S#O,-1.0
C=[SH]1=S=CON1C,-2.0
C1=CNO[SH]=1,-2.0
NCN=C[SH]=CS#CF,-2.0
CS#F,-1.0
N#SON=S(#O)OC=NF,-1.0
N[SH](#O)C(=O)C(=O)C=O,-1.0
C=NS#F,-1.0
N#S#COCCl,-2.0
NOCOC(=O)N(O)S,0.18899846189108604
C#SOC=N,-2.0
C#CN[SH]=F,-1.0
C#S#[SH]=NC,-2.0
N#CS#[SH](Cl)C#N,-2.0
C=CNN[SH]=F,-1.0
N#S(=N)C(=O)C(=O)N=O,0.48683486560844774
CC1=C(C#N)[SH](#N)N=C1F,0.4409063980590859
C#CNS#F,-1.0
O=[SH]OOCNC(=O)F,0.02441817183242925
CSC=C=F,-1.0
N#CC#F,-1.0
COOC=S=F,-1.0
NSC=[SH]#F,-1.0
C=CONC,0.5311013618986389
O#SC[SH]=C=NOCl,-1.0
O=NC(=O)OF,1.2620302454896166
O[SH]=C=C=CF,-2.0
NNS1=[SH]#COO1,-2.0
FC1=CN=CN=[SH]1,0.11319903986405663
CON=C(Cl)OO,0.2954431125645916
N=C=C(Cl)ON,0.18988462323320884
ONOC#CF,0.16979204445220913
NC=[SH]#SC(=NO)OCl,-2.0
CNS(=N)Cl,0.5416596258948693
N=C=NN=O,0.09392041148230992
N#S(N=O)=C(N)F,0.22333997103546718
O=NCN=CN(O)Cl,0.1310935437431134
O=COCCl,0.6179564970611128
N#CC#COC=O,0.2704828618242914
COSCS,0.10583114232883567
C#CS1(OC)=[SH]N=C(F)C=1O,-2.0
C#CS(N)=O,0.2384146257575354
O#CS#CCOCl,-1.0
C=[SH](Cl)=NO,-2.0
NOC(Cl)C#O,-1.0
N#SOC#CCl,0.009695323859547487
C#CN=S=F,-1.0
SC#S#CCl,-2.0
C=C=C=NO[SH]=C,-2.0
O=C=[SH]N=S=Cl,-1.0
C#CC#CF,0.1557213027448083
C=C=F,-1.0
C#[SH]=C=Cl,-1.0
C=[SH]C#CCl,-2.0
N#CC(=O)C#CSF,0.3432101242345049
C[SH](=COCl)=[SH]1=NNCCC1=O,-2.0
C=CC(=C)Cl,0.37144897188278114
CS(O)(#CF)ONC#N,-2.0
C[SH]1#SCNC1(O)NC#N,-2.0
C=C[SH]=NCl,-2.0
S=[SH]N=CCl,-2.0
O=C=NCl,-5.0
C=NC#CON=CNO,0.05637383880001155
FCC#S#CS,-2.0
CC(O)C#N,0.9273538262235884
O=[SH]1=C[SH](Cl)C=N1,-2.0
O=S(#[SH])NC#Cl,-1.0
CC#F,-1.0
O#[SH]=CF,-1.0
N#S#CF,-5.0
O=S1=CCNN=1,0.040612820568212304
N#CN1C#S(=N)O[SH]1F,-2.0
S=C(S)C#Cl,-1.0
C#S#Cl,-1.0
C=NCSC#Cl,-1.0
CON=C=O,0.28613640985824823
NSC(N)C=C[SH]=F,-1.0
N#[SH]=C(F)[SH]=O,-2.0
C#[SH]1N=C(C=O)OO1,-2.0
O#[SH]=CCl,-1.0
C1=CCCC1,1.4726427339734738
NS#CC#CSCl,-2.0
N=[SH]N=C=CN=O,-2.0
C=CC=F,-1.0
N#CS(=O)C#Cl,-1.0
N#S(C=COCCl)=CO,0.12116974759318115
NCNCF,0.38533327832392883
N[SH]=NC(=O)OCl,0.143308957973788
N#CNOOF,0.062448902937020705
N=C=NNCl,0.03571870893132399
O=C(F)CO,0.9497646180962351
C=C=S(#N)OC(=NOO)[SH]=NCl,-2.0
C[SH](#CS#O)CCl,-1.0
N#CC(=O)CO,0.6435860152366323
O=CC=F,-1.0
CC(S)C#CF,0.07449997937759431
O=[SH]C(=O)c1c(F)n[nH]c1OO,0.6273345045723095
N=C(Cl)C=CC=O,0.4640155943784897
N#S#CC=Cl,-1.0
C#CS#O,-1.0
O=[SH]CSOCCl,0.00797061530115136
O=C[SH]=Cl,-1.0
F[SH]1CNC(C#[SH])O1,-2.0
CSN=NCl,0.28144726678488524
CSC1=C=C(F)N=NO1,1.0175412828099268
N#[SH](C=CCl)N=S=O,-2.0
CO[SH](C)#N,0.092156044239953
NC=S(F)#S#CO,-2.0
O=NC#CN=CC#Cl,-1.0
COC(=O)F,1.146659044183617
O=[SH]C[SH]=CF,-2.0
OC#CCOCl,0.49018572875307076
N#COC=F,-1.0
N=NC#CS#O,-1.0
O=C=CS#[SH]=Cl,-1.0
C=S(=C)=NC#[SH]=F,-1.0
FS1=NC=NCC1=S,-2.0
COC(F)=S(#N)S(=N)#CO,-2.0
SON1CN=NC#SC1Cl,-2.0
C=C=C[SH](#N)SC#COF,-2.0
CC=[SH]#Cl,-1.0
N#SC(=O)Cl,0.578942003257593
NS1(=O)(C(=O)Cl)C[SH](N=O)#CO1,-2.0
O#CC=[SH]Cl,-1.0
N#CON=N,0.3719035573137537
N#CC#N,-5.0
CN=[SH]1(F)NON(O)N=S=CC1N,-2.0
C#S(F)=C=C=O,-2.0
C=NC(CN)OCl,0.24492117910241387
NC=C=S=O,0.04625702766428557
C=NC#S#S#CNF,-2.0
O=C(S)OOCl,0.23945074173768693
C1N=S=[SH]O1,-2.0
C=NN=C=F,-1.0
O[SH]=C=CCl,-2.0
CCS#Cl,-1.0
O=CC#CCl,0.12268304017566041
C=[SH]C#F,-1.0
N#[SH]=C=S(O)F,-2.0
N#[SH]=C=CCl,-2.0
NC(O)(Cl)OOO,0.08432007068131715
CN=F,-1.0
ON=COOF,0.08924702941314819
NC1=[SH]2=NC=C=[SH]2=NO1,-2.0
FC#COS,0.024476701179105803
C#CCN=Cl,-1.0
CO[SH]=[SH]#O,-1.0
N#S#COOF,-2.0
C=C=Cl,-1.0
N#COCl,-5.0
CN(CC(=O)S)N=CCl,0.26695752824131685
C[SH]1=CN(N(N=O)OF)N=C=S=1=O,-2.0
O=S=C=[SH]#F,-1.0
C#[SH]=S=NCl,-2.0
C=[SH](=S)OC#CCl,-2.0
CN1OS(#CCl)=C=[SH]1,-2.0
C=C=S1#CON=C1,-2.0
C#[SH](NF)C(=N)C#O,-1.0
CS#SC=Cl,-1.0
CC#CC#[SH](S)CCl,-2.0
N#S#CNCl,-2.0
C=C(C)C#CF,0.23809277928572026
C#C[SH](=O)(C(C)=O)N(F)C(=O)S,0.3623645171663632
C#CN=F,-1.0
C#S(=CNCl)ONC,-2.0
N#CC=C=C=[SH]Cl,-2.0
S=CO[SH]=Cl,-1.0
N#S(N)(C#CF)[SH]=CN,-2.0
O#CCCC=CF,-1.0
N#CC#O,-1.0
C=NS#SC#CCl,-2.0
C#CC(=C)F,0.2743677604258741
CN=NNC#Cl,-1.0
O#SCN=C=CCl,-1.0
CSN=Cl,-1.0
NC=C(Cl)N=O,0.6473362619457312
N#S#CC=C=Cl,-1.0
CC(S)N=Cl,-1.0
CCCC=O,0.40746957808362816
O=C(OF)SOCOC1C=NN=C1,0.7309761453569908
O=COC1(O)N=CC=S1OS#O,-1.0
N=CN(N)OCl,0.1467273623962539
C[SH](=N)(C#N)OF,-2.0
NC#S(S)=CCl,-2.0
CNOS#F,-1.0
C=[SH]#CS#F,-1.0
NCC#CCl,0.7899240300702166
C#S#SN=NOCl,-2.0
CC(S)N=NC#N,0.26116757645674454
N#CC#CC(N=N)=[SH]F,0.023283634777310547
C#SNC#S#C,-2.0
SC#CC1=S(Cl)N=NO1,-2.0
[SH]#CC#SN=Cl,-1.0
N=C=[SH]C(Cl)=C=O,-2.0
C#S(F)=C=O,-2.0
Cl#[SH]1CN=C=C=NCSO1,-1.0
OOC#CCl,0.20812168977835135
N#C[SH]=S=O,-2.0
C=C(N)[SH](F)#[SH]=O,-2.0
N=C(C=NC=[SH]#O)C(=O)F,-1.0
O=C(O)SN=Cl,-1.0
O=CC=C=CF,0.12441419461155578
O=[SH]#S#CF,-2.0
CONONN,0.10771934468741078
O=C=C=[SH]F,-2.0
N#CC=F,-1.0
CC(NCN=N)=C1SS(#N)=NN1Cl,0.5120791821210284
NOCSOS#F,-1.0
C#COS#C,-2.0
COC=NC#F,-1.0
NC1C#C[SH](O)#[SH]1C#CCl,-2.0
N=[SH](=C=O)SN,-2.0
C=NS#O,-1.0
N#CC#CO[SH]=N,-2.0
N#CCOC#F,-1.0
CN=[SH]#[SH]=N,-2.0
O=CNC(F)N(O)S,0.07405143230603702
C#C[SH](O)F,-2.0
CCN=F,-1.0
O=CS(=O)[SH]=C=Cl,-1.0
O#S#SCF,-1.0
CN=COS(=S)(Cl)=C=N,0.1767022503558255
C#C[SH]=F,-1.0
N#CC(=O)Cl,0.701408525751843
C=[SH]C(N)C(S)(OF)ON(C)N,-2.0
NC#CCF,0.3233442118091079
C=[SH]#Cl,-1.0
CN(O)N=C=CCl,0.37236644654901563
NON=C(S)C(=O)N=NCl,0.2949190271161091
C=CNOCCl,0.37343282468182104
FON1C#SON1S,-2.0
C=NS(=O)#SON,-2.0
FC1=S=NN=S=C=N1,-2.0
O=C=S(O)#F,-1.0
C#S[SH](#C)Cl,-2.0
N=C=F,-1.0
CONNN=Cl,-1.0
O#S#CC#S1=COON(F)CO1,-1.0
C=C=C=Cl,-1.0
O=CC=CCl,0.22026669447799557
C#S(NC=C=S)=C(Cl)CO,-2.0
C=NON(N)C=NF,0.021679750472540105
C#CNN(F)S,0.01460494368890079
N=[SH]1=C=CS(=O)C(OF)C1=O,-2.0
OS1(=[SH]#CCl)=NOCCN=C=N1,-2.0
CC1=N[SH](Cl)#CO1,-2.0
CNN=[SH](O[SH]=O)=C(Cl)C#CO,-2.0
OC=CC#COCl,0.26320119916989887
CC=C=[SH]Cl,-2.0
N#CNC#[SH]=O,-2.0
O=NC=S=[SH]NOO,-2.0
OON=CCl,0.1923436597902789
FC#CN=C=S1#CONN1,-2.0
O=C(F)S1=NC=C=C1,-2.0
C1=CCN=NN=NN=1,0.09892916711904408
O=C=CCCl,0.18032623829604727
CNC(Cl)(N=O)[SH]=S,0.021095305810587325
NC(=S)SOF,0.4087094075582905
CC=C[SH]=Cl,-1.0
N#S(CCl)=S=C=O,0.05598291616105529
OC#SC#Cl,-1.0
SN=NC#CN=C=Cl,-1.0
C#CS(=N)[SH]=Cl,-1.0
O=C[SH](=S)=Cl,-1.0
N=[SH]#CN=CF,-2.0
N#COCN=O,0.34989846352461795
NC1(O)N=C=C=C=C1F,-2.0
CC(NS)(OCl)[SH]=O,-2.0
C=S(F)[SH](=O)=C=O,-2.0
C=[SH]C#S#F,-1.0
C#CCOF,0.25509229701306446
O=CNS#O,-1.0
C=CN=[SH]SOC=Cl,-1.0
FC1=NONO1,1.5339471811320413
OOC=[SH]C=F,-1.0
CN=C1N(F)OCN1C(C#O)=S(=O)=O,-1.0
O=C(Cl)S(=O)O,0.4914652674489469
O=C=S=C=Cl,-1.0
C#SN=[SH]#CN=F,-1.0
C#SCS(=O)#COCl,-2.0
C#CC#Cl,-1.0
Fc1nnon1,2.0568793504074288
CONN=C(O)Cl,0.35393883065984216
C=CC#Cl,-1.0
ONNCOCl,0.14435145029692711
N=COCCOF,0.36850129879706756
C#CN=S(Cl)CO,-2.0
O=C=NC#CS1(F)#CCC(=O)O1,-2.0
NN[SH]1(O)=[SH]C(Cl)N(N)O1,-2.0
CO[SH]=S=Cl,-1.0
CSN[SH]=Cl,-1.0
NOC=C=NC#SF,-2.0
C[SH](N)(=O)N=CCOS,-2.0
OC(S)(S)OC#COCl,0.4290385257189392
C[SH]=[SH]#CCl,-2.0
N#CS(O)=S(=N)=CF,-2.0
C=S(=O)=CS,0.06326515800839037
C=S=[SH](=N)C#CF,-2.0
N#CC=Cl,-1.0
N#CC=[SH]O,-2.0
N=C1OC#CC(F)C1S,-2.0
CNO[SH]=Cl,-1.0
C#S(=NCC#COC=N)C(=O)Cl,-2.0
ClNC1=C=C=NN=NC1,-2.0
C#CC(NO)SC#SF,-2.0
N[SH](O)C#CF,-2.0
CN(CC#S(=NN)OF)CCO,-2.0
C#SS(#O)(F)C(C)=C=C,-1.0
NNC(S)=C=CC#COCl,0.08490097152675556
N#COS#Cl,-1.0
CN=S=Cl,-1.0
C=[SH]N=S(#N)N=C(C)Cl,-2.0
O=C=C=C(S)Cl,-2.0
CC=NN[SH](S)#Cl,-1.0
C=[SH]NSNCOON=C(O)F,0.008122126225816094
C=S=C=F,-1.0
NC#F,-1.0
FNCS#[SH],-2.0
C=S(#[SH])OONC=C=O,-2.0
CNC1C=[SH](=[SH]F)CO1,-2.0
N=[SH](C=O)(OF)SN,-2.0
O=S=C=COCl,0.02634170556137921
CN[SH]=F,-1.0
CC=S(C)SC=O,0.008844761799347609
CS#Cl,-1.0
CSC(Cl)C=C=[SH]#O,-1.0
C=C(F)NO,0.7564018039555855
C=CN=C=O,0.34318844691409706
C#S1=[SH](=O)ON=C1Cl,-2.0
C#COSF,0.05741625999706399
CC(=O)NO,0.5344941372055056
CN=C(O)N(O)Cl,0.20664512867806703
ClS1#COOS#CON=1,-2.0
C=S=S=F,-1.0
C#CCNC#N,0.21883023417261138
CS#C[SH]=Cl,-1.0
COSC(=O)ON(F)S,0.14839217478578054
OOC#[SH](O)Cl,-2.0
OC(F)=C=S,0.6282444048020741
O=S1(F)=C=[SH]C#C1,-2.0
O=NS#CN=[SH]F,-2.0
C#[SH]=[SH]C=NF,-2.0
CC#O,-1.0
O=C=C=NF,0.012174359777036809
NC=C(N)F,0.6647574397525239
O=CN=Cl,-1.0
CSC(=O)C(F)=CC#[SH],-2.0
N#[SH]=S(=N)=CF,-2.0
CSN=CC#SOF,-2.0
O#CN=N[SH]=S,-1.0
C#CSN=C=O,0.09579085124353656
CSC(O)(F)C=O,0.46775740592034837
O=CC=Cl,-1.0
C#S(=C=O)ON=NF,-2.0
CN=C=NF,0.21624804486247062
C[SH]=[SH]C#F,-1.0
N#CN(F)S,0.3408024974856258
CN=[SH]C#F,-1.0
O=NCC#CF,0.38778078312645103
O=CSC#O,-1.0
C=C1[SH]=[SH](=C=O)C(=NN)N1Cl,-2.0
C=C(O)CO,1.049486117866665
O=C(OF)S#SO,-2.0
O=CCSCl,0.26229174723508275
NNC#CF,0.04470123113122818
C[SH](C#N)SOC(=O)Cl,0.07917428416171006
N#COSF,0.27476390182175925
Fn1c#conco1,-2.0
N#COC#Cl,-1.0
CN(Cl)[SH]=O,0.16671220824762295
O=C1SCS(NNO)=CN1Cl,0.040665554408591195
C[SH](NO)(=C(F)NN)[SH](O)C=N,-2.0
COS#O,-1.0
O=[SH]#S(=F)C1=CC=C=N1,-1.0
CSC(=O)F,0.298933794200529
C#[SH]=S(=CO)(N=N)C(=O)F,-2.0
N#CCC#N,1.2863533882761264
C=S(OON)#SC#COCl,-2.0
C[SH](#O)F,-1.0
O#[SH]=CSCl,-1.0
CO[SH](F)OCO,0.06643753938030687
OC=CC(Cl)[SH]12=NC#S(=N1)N=N2,-2.0
N=C=CC(C#CCl)=S(=O)=O,0.06356208401225055
O=NN=C=[SH]1=[SH](F)=C=C=C1OCO,-2.0
C#SNN=F,-1.0
C=C=S=F,-1.0
C=S=NOC,0.19726876979656285
CC(F)S[SH]=NO,-2.0
CNC(=C=[SH](F)=NO)[SH](C)#N,-2.0
CC(SOC=NN)N(F)N=C=O,0.015313804404860454
COCNCl,0.6441379330138667
C#CONF,0.13162464539689386
C#CCC=O,0.17239547252961998
S=CC=[SH]OCCl,-2.0
N=NC=F,-1.0
N=[SH]SC#CCl,-2.0
C#CC#O,-1.0
COC(S)N(C#N)N=C=NCl,0.03375512351445318
C=[SH](F)(C#[SH])C=O,-2.0
N#CNC#Cl,-1.0
O=CS1(S)#CONC(Cl)=C1O,-2.0
NC(S)=CF,0.8861306278477644
C=N[SH]=[SH]#CN=F,-1.0
N=C1OCC(O)(S)[SH]1#CCl,-2.0
O=CCNN=Cl,-1.0
C1#COON1,-2.0
O=NOC(Cl)OOS,0.03586107191758735
C#SS#CC#F,-1.0
C#[SH](C=C)OCl,-2.0
O#CN=C=S=CO,-1.0
O=C=NF,-5.0
CNC=F,-1.0
O=CONC=CF,0.22490703529692957
N=[SH]1=C(C(=O)C#CCl)C#S(=O)O1,-2.0
O#[SH]=NC=CF,-1.0
OC=CN=CF,0.20219616142419772
C#[SH]=C=[SH]#F,-1.0
COCC#N,1.4317858369681526
OC=COCl,0.48877239501152253
C=NS(#N)=NF,-2.0
C=CC[SH]=F,-1.0
O=NSCC#Cl,-1.0
C#SS(#N)=O,-2.0
CC(Cl)NC#S#[SH],-2.0
C=S(F)(N=N)=[SH]C,-2.0
O=[SH]C(=O)C#S(=O)F,-2.0
CC#CS(O)(#CF)OS#N,-2.0
CNCC#SC(N)=O,-2.0
ON=C(Cl)[SH]=S,0.03440452854689582
COC#CCl,0.1965141477953377
C=CS(=C)#CNF,-2.0
FC#COSC#[SH],-2.0
NC#SNN=CCl,-2.0
O=C=S(=O)=NCl,0.2504868647788451
N#CSCN=C=NN,0.2408092395978714
C=[SH]C#O,-1.0
N#[SH]=C=NN=C1C(=O)NCN1Cl,0.15748325542329752
C=C(F)OS#O,-1.0
N#SN=C1CS#CC(=Cl)O1,-1.0
O=CS#O,-1.0
N#S#COC#CF,-2.0
O=[SH]CNC(=CF)S(=O)NO,-2.0
N=C1C=S=NOS2(#CN(OF)OO2)O1,-2.0
C#[SH](F)[SH]=NN,-2.0
FC1C=COOO1,0.346976414706393
O=C(OCl)S#O,-1.0
C=CC(=NF)SS#O,-1.0
CO[SH]=F,-1.0
O=C=C=Cl,-1.0
O=NC(=O)Cl,0.7779168029590351
N#C[SH](F)CN=S,-2.0
C=CN=S1C=C=S(F)#CN1C#N,-2.0
C#S(O)(S)Cl,-2.0
C#CCN=C,0.11363577886388661
N#CCN=N,0.8751858916176353
C=C(N=[SH]CF)C(O)=C(O)[SH]=N,-2.0
C=N[SH](Cl)N=[SH]#O,-1.0
CC=NC=Cl,-1.0
C#CO[SH]=S=F,-1.0
O=COC#F,-1.0
O=CN=[SH]N=O,-2.0
CC(Cl)=C=O,0.367962483943702
CNOCOF,0.28563421607026807
OC1OCOO1,0.37659943917995825
CON=CSF,0.2697099755438949
C#[SH](Cl)C=[SH]#CNCNC=O,-2.0
C=C=S=CS,-2.0
OC#CC(Cl)NS1#CN[SH]=C=1,-2.0
C=C(F)C#O,-1.0
CSC(=N)Cl,0.8104154537735164
C#C[SH](=O)(Cl)N=C=O,-2.0
C=CCNON=F,-1.0
N=C=C(Cl)[SH]=O,-2.0
O#SC=NF,-1.0
O#CO,-1.0
N[SH](=O)=[SH]#COCl,-2.0
NC1(F)NOCO1,0.5451601320797751
N=[SH]C#[SH](O)F,-2.0
O=S1=C=[SH]C(Cl)C=1,-2.0
O=C(Cl)O[SH]=S,0.1425639520052845
NC=S(=CS)=COCl,-2.0
C=S=NC(=N)CCl,0.11151726154495024
NC#[SH](Cl)SO,-2.0
NC(F)N=NNS,0.025203784718219935
N#[SH]=C=C=O,-2.0
N#S(Cl)=C=O,0.3640635055643037
Fc1ccon1,5.646892420183955
C=NSN[SH]=Cl,-1.0
N#CC(O)ONOO,0.059193089444963404
C=C[SH](#N)SC,-2.0
C#[SH]=[SH](=O)C=O,-2.0
C=S(CCl)#[SH]=C=N,-2.0
CC(CO)=S=c1[nH][nH]c(Cl)c1C#N,4.034292273558528
N#CN=CC(=O)C=O,0.13384455058872352
O=CNC=Cl,-1.0
C=S(S)(=CCl)ON,0.02132508335754176
O=[SH](=O)C#F,-1.0
C=C[SH](Cl)[SH]=C=CN,-2.0
C#SN=Cl,-1.0
O=[SH]#CC=NCl,-2.0
C#S1=C(C(Cl)(C#N)NO)OS(=O)#C1,-2.0
C#CN(C)SCl,0.0879956138205562
C#S#[SH]=C=Cl,-1.0
CNNOSN=C(O)Cl,0.06545780827440842
C=[SH](C)=F,-1.0
C=S=S=Cl,-1.0
CNC#CCl,0.10744770783427829
CO[SH](=O)=C=N,-2.0
N#S(Cl)=C(N=O)[SH]=N,-2.0
O=S(#CF)NN=[SH]O,-2.0
C#[SH]=C=C=F,-1.0
CC#S#CCl,-2.0
O=C=NOC=S=[SH]N=NF,-2.0
O=C=[SH]C=Cl,-1.0
NC=C=NCl,0.10184856206479098
C=NS#Cl,-1.0
C=NC(Cl)S#O,-1.0
O#CO[SH]=CF,-1.0
O#S1=[SH]C#CC1,-1.0
O#CNF,-1.0
O=NS1#CSON=1,-2.0
C#[SH](Cl)OO,-2.0
CC(N=O)=NCl,0.6561216792097841
N#[SH]1N(Cl)C(NN)C[SH]1OO,-2.0
O#[SH]=NON=CCl,-1.0
C#C[SH]=C=S=F,-1.0
CC1(C=Cl)C=NON1,-1.0
N#C[SH](#N)[SH]=F,-1.0
SN=C=S=Cl,-1.0
C=C(F)OOC=O,0.2165925732468565
C#SS(#N)=F,-1.0
O#CC(F)=NO,-1.0
C=[SH]#[SH]=NNO,-2.0
C=[SH]N1N=NC(Cl)N=C1S,-2.0
N#CO[SH]=CCl,-2.0
O=CS#S#O,-1.0
O#CS1=C=[SH]CN1Cl,-1.0
FN=CSS,-2.0
F#SN=C=CS,-1.0
NNC(=O)F,0.6267631886343711
FN=C=CS#[SH],-2.0
OC1C2=[SH]#SC1N=C=C2,-2.0
CC(=O)SOCS#Cl,-1.0
C=S=C=COOOCCCl,0.18050280720049855
N#SC(F)=C=CNCS,0.10453361274491138
N#S#CSF,-2.0
C#SO[SH]=NC#Cl,-1.0
N=C=C(F)C(O)SN,0.07977819498957399
C#S(=O)COF,-2.0
CN(S#CF)N(N)S,-2.0
OOC=NCl,0.1021181457503863
O=[SH]NCCF,0.11187433306644896
C=NCC(=O)C#O,-1.0
C=C=[SH]#F,-1.0
O=C=C=[SH]#CCl,-2.0
C#CC=NCl,0.04431729276240677
O=C(F)OC[SH]=[SH]#O,-1.0
FS1=C2C=COSOCN2ON1,-2.0
N#SC=[SH]Cl,-2.0
NCN(O)F,0.2680933183532365
O=C=C=F,-1.0
CO[SH]=[SH](=CF)NC=NON,-2.0
C=S1(=O)C#S(F)=NON1,-2.0
N#CO[SH](#N)F,-2.0
NNSSNC(=O)Cl,0.05204280333742251
NC1(Cl)OSC=C=[SH]1,-2.0
C=NN1C=NONS1(=N)=Cl,-1.0
ClS12=C=C[SH](=C=1)=CN2,-2.0
OCC#Cl,-1.0
C=NC#[SH](N)F,-2.0
SC=COOCl,0.03912887842434439
C=NOCO,0.23192291970003567
CCC(=O)F,0.922634914008863
O=C=C=C=F,-1.0
C[SH]=[SH]OOOC(O)F,-2.0
CN=[SH]S#F,-1.0
COS1=S(NF)NN(C)O1,-2.0
O=C(F)CS,0.29167275873124227
CN=C=[SH](O)=CCl,-2.0
C#S[SH](O)COC(Cl)COC=O,-2.0
C[SH](F)S(=C=N)NO,-2.0
C=CC(=[SH]#N)C(C)=NCl,0.04017044851930924
C=S=C(N)F,0.4109695745735435
CNNC1(S(=O)S)CN=C(F)O1,0.06551875969113496
O[SH]=C=CF,-2.0
COCS#CC=C=CO,-2.0
N=NN1CN(F)S#S1,-2.0
COOSC(=O)F,0.2243214588654428
C#[SH](F)S(=N)OC,-2.0
CC(OO[SH]=N)=[SH](=O)Cl,-2.0
CC(C)(O)C(Cl)=NO,0.556089056842613
FCSOS,0.09358369021080595
SC#COCCl,0.05911202062799774
N=C(OO)C(=O)F,0.15051828646590082
CS(#CF)=[SH]NO,-2.0
CS[SH]=Cl,-1.0
C=C[SH](#F)NC,-1.0
C=CN=C(Cl)OC#N,0.2300213522930875
C#CC#F,-1.0
COC(F)=NSO,0.1956970843209759
N#CC(N)F,0.7500970663931525
N#CN=C[SH]=Cl,-1.0
O=NC1=C=CC=N1,0.6629369880938378
CONONCN=C=N,0.09394503730360913
C=NC1C#COC(S)=C1F,-2.0
C=NSOSC#F,-1.0
COC(Cl)C#N,0.7688918583961387
C=S(S)NOOOF,-2.0
OC#COF,0.2062170007508257
O=C=S(=F)=S,-1.0
CN(F)S(N)=[SH]C=C=O,-2.0
CCCC(=N)F,1.6667102191575456
N#[SH]1CC(=O)NOO[SH]1Cl,-2.0
FN=[SH]1=C=[SH]OO1,0.04523324749924877
C#CN=C(C#S(=O)O)N(F)S,-2.0
C=C(C)OC#Cl,-1.0
C=[SH](N=O)=[SH]Cl,-2.0
OCONSC#F,-1.0
CCC#[SH]=[SH]#CCCl,-2.0
C=[SH](=S)N=C(F)C#N,-2.0
C=CNC(C)(N=O)N(F)[SH]=C,-2.0
C=S(O)C[SH]=F,-1.0
OONC#CCl,0.06618399959682059
FC1N=C=[SH]O1,-2.0
O=C=Nc1nonc1NS,1.0060326270376776
OS1#CN=N[SH]=1,-2.0
N=C(F)ON(O)C(C=O)O[SH]=S,-2.0
O=COF,-5.0
S=CCS#Cl,-1.0
N=C=NNN(F)[SH]=C=O,-2.0
C=CC(N)=NF,0.436844947079083
O=CC#O,-1.0
C=NS(#CF)=NOS,-2.0
CN=C=C=[SH]SCl,-2.0
C#SC#CC#O,-1.0
FS1=C=NOO1,-2.0
C=COS#O,-1.0
OOC#CF,0.2094877031168137
N#CC(C#O)=NC=C(F)S,-1.0
N=C1NC2(OF)OS1(=O)=CS2,-2.0
ONC1=C=C(O)C(F)=C1,0.7238072074357877
C=NC(F)(C#N)N=O,0.5112387679744689
COC=C=CC(S)Cl,0.05409775702093727
C#SN(C)F,-2.0
O=C=[SH]ONONF,-2.0
ClN1ON2CS13#[SH]=C2C=N3,-2.0
N#COC(=O)F,0.5713089373707106
C[SH](OO)S#O,-1.0
C=NNOOC,0.20793343848139856
C=C=NOCCl,0.20015673275552262
O=CC(=O)S,0.2847585260158521
N=CC#Cl,-1.0
CCC=CC=Cl,-1.0
NOC=C=Cl,-1.0
NOCS(#CCl)=COC#[SH],-2.0
C=NN[SH]=F,-1.0
C=S=S(=N)(N)C#F,-1.0
CON(C#N)C=[SH](N)=C=S=O,-2.0
CNN=S=S(N)C#CF,-2.0
N#CON(F)N=N,0.1294486933667061
C=NC#S[SH]=F,-1.0
CC(F)=C=NCC#N,0.425763201901468
CC#S#F,-1.0
COOS#F,-1.0
N#[SH](N)C=N,-2.0
C=C(Cl)S(C)(=N)=O,1.3783245285987247
C=S(#F)[SH]=O,-1.0
C#CN=CF,0.02813151359029606
CN=C(Cl)S1#SN=NN=1,-2.0
N=C=C=C=C=[SH]#CF,-2.0
N#CC=[SH]#F,-1.0
Cl[SH]1NCS#CO1,-2.0
C=NNN=F,-1.0
ClN=C1N=C=[SH]S1,-2.0
C=S(C=O)[SH]=F,-1.0
N#CO[SH](Cl)C#O,-1.0
OON=NOC#CCl,0.08847594081709739
C=C(CO)NCl,0.8750347352582694
C=C(O)OC=F,-1.0
O=C[SH]=NN=Cl,-1.0
N#CC1=COSS1,0.3273537006160846
CNC=CN=F,-1.0
CC(Cl)=[SH]#[SH],-2.0
COONSF,0.12697370749449116
CC#CC=F,-1.0
O=CN=[SH]C=Cl,-1.0
N#[SH]=S=C=C=NCl,-2.0
CN(Cl)N=S,0.3027883933745189
OC1=NC2=C(F)N(C=[SH]CC1)ON2,-2.0
CS(#F)=S=N,-1.0
C=CC#[SH]=C1OOC[SH]1#CF,-2.0
C=S(O)#F,-1.0
FC1=C2COOC#S2=[SH]#CO1,-2.0
CC#[SH]=C=S,-2.0
O=C(F)C#COO,0.17097534785930424
O=C=C=NS,-2.0
C[SH](#F)OS,-1.0
N#C[SH](#N)F,-2.0
O=NC=F,-1.0
[SH]#[SH]=NC=Cl,-1.0
C=S=[SH](=O)F,-2.0
N#SC=C(N)F,0.49601487351333445
O=NN=C=Cl,-1.0
CC=[SH]#CF,-2.0
N#CSOOOF,0.09599465296626737
OOC#CCN=NOC(F)=S,0.10432141698709735
C#S(=C=[SH]Cl)C#N,-2.0
O=C(Cl)[SH]1N=CC=[SH]1,-2.0
CC#[SH]=CCl,-2.0
N#CC(N)=O,0.603204659594905
C=[SH]S#O,-1.0
C=NC(Cl)SO,0.0437023732884278
N=S=C=C=O,-2.0
N#CS(=O)#[SH],-2.0
CC(F)=[SH]C1C#[SH]=NN1,-2.0
ON=CON=Cl,-1.0
O=CC#S#CF,-2.0
O#[SH]=NC#CCl,-1.0
C=S=[SH]C=F,-1.0
N#CN=NNF,0.14007948450598098
ON(CC[SH]=CS)NCl,-2.0
C=C=C=NNCl,-2.0
F=COS#[SH],-1.0
C=N[SH]=CS#N,-2.0
N#CC(C=NN)=NF,0.30172233153782135
N=[SH]CC=CC#S1(Cl)C#CN=C1,-2.0
NSOCOCl,0.14500186761231312
CC[SH](Cl)NCC=O,0.17449198027779061
N=S=N[SH](=O)=C=CCF,-2.0
C=NC#F,-1.0
CSC=S=C=Cl,-1.0
C[SH]=[SH]OCl,-2.0
C[SH]=[SH]#Cl,-1.0
C#CN=NF,-2.0
NC#S(=O)O,-2.0
O#SC#CCCl,-1.0
C#CC#[SH]=Cl,-1.0
CC=S=Cl,-1.0
C#CC#CN=[SH]#F,-1.0
N#CC1=[SH][SH](#CCl)OC#CN1,-2.0
C#[SH](F)N=NO,-2.0
C=NN(NC)S#F,-1.0
C=COC(O)ONC#CF,0.027902079533411662
N#COC1=[SH][SH]=C(NCO)OON1Cl,0.0034216356276157486
N=S1#C[SH](F)OC#CN1,-2.0
C=[SH]1(SC)N=NNC1=F,-1.0
FC1(S)C=NOO1,0.041380011341399695
C=C=C=[SH]F,-2.0
CN(OS)SF,0.0290928533833012
N=C(NOC(=O)F)ONO,0.18956318758793173
COC=[SH]#N,-2.0
OCN=Cl,-1.0
C=CCSN=S,0.08556350940373007
CS(#Cl)=C=NO,-1.0
CN(O)OF,0.7548662969433675
ON1O[SH]=C(SCF)O1,0.037205613183708276
N#COS(=N)(F)=CS,0.012895630333800904
CSC#Cl,-1.0
SNN1CCNOO1,0.08140372306892492
NON=[SH]#CCl,-2.0
NC(=C=S=C=C=O)OOCl,0.042334924097432385
CNC=Cl,-1.0
C=[SH]C=F,-1.0
SOCNC#CCl,0.03259025549772999
N=S=CC(F)(CO)[SH]=O,-2.0
NC1=C[SH]=CS1,-2.0
O#CNC#COF,-1.0
O=C=C(O)F,0.6333621749515149
CNC=[SH](COCl)=NS,-2.0
O=S(O)#[SH]=CONCF,-2.0
O=S(Cl)#S1=C=CNOON1C=CO,-2.0
FS#C[SH]1C=CCN1,-2.0
O=NC#CCl,0.24963923838747298
O=S=C=Cl,-1.0
C#[SH]=S(#CO)N=C,-2.0
N=S=C=CCF,0.07842994352403915
C#[SH]=S(=NN)=NF,-2.0
CS[SH]=C=F,-1.0
N#[SH]1NOC=C1Cl,-2.0
C=CC(C#CC)=NCl,0.13589618161127598
O=[SH]C=Cl,-1.0
C=NOOCl,0.11445653644844508
COO[SH](Cl)OC=O,0.019644950905210904
CN=CS1(S)=CC(O)(OCl)NN=1,-2.0
N#SOC(O)OCl,-2.0
N#COSCSCl,0.1286255107629737
CC1=C=[SH]C(Cl)(S#O)O1,-1.0
C[SH](#[SH]=O)C(=O)Cl,-2.0
CS#[SH]=C=F,-1.0
C#C[SH]=S(C)Cl,-2.0
C#SC=C=F,-1.0
N#CS#CF,-2.0
S=NC=NCl,-2.0
O=S1(CF)=CO[SH]=CON1,-2.0
ClC1=C=S=[SH]#C1,-2.0
CSSCO,0.6476811442617658
N=C(F)S12(C=O)=NSC=C1COO2,-2.0
C#CC=CN=F,-1.0
O#CC=NN(O)OF,-1.0
C=C(N)C#CCl,0.6191018174742811
C#SOOC#CF,-2.0
O=NC1(F)C#CSS1,-2.0
C=[SH]#F,-1.0
N#COC=Cl,-1.0
CCCSCl,0.6061322412593996
O=C=NOF,0.16189415443237462
N#COCSOO,0.09613374769493448
S=NN=CCl,0.10345056447002658
O#[SH]=S=CF,-1.0
CSN=CN,0.2631258536688712
S[SH]=CNCCl,-2.0
O=NNOC=F,-1.0
C=C=NC=CF,0.07475520467614223
C#[SH](NN)C(F)CC,-2.0
N=C=C(F)S#CS,-2.0
N#S(=CCl)[SH]1=CCNONN=1,-2.0
N#S(=C=CF)OSC=NN=O,-2.0
N#SC#[SH]=O,-2.0
C#CS(#C)(Cl)C=N,-2.0
O#[SH]=[SH]C1(O)C2=C=NC1(O)ON2,-1.0
CC=NCF,0.15889227010780055
C#SC=Cl,-1.0
N[SH]=CN(Cl)OS,-2.0
CN=COO,0.17881141812624385
OSC1(F)N=C=CO1,-2.0
O=C(F)C#O,-1.0
CS#CC=CF,-2.0
ON=[SH]C=COCC=CCl,0.32541846407961394
CN=C=NS,0.10339620274223774
C=C1[SH]=C(N)N(F)[SH](#N)NN1C(=O)OO,-2.0
CCSN=F,-1.0
C1=NCON=1,-2.0
C#CS(C#N)=C(C=C)N(NF)S#N,-2.0
C#[SH](F)C#CNS#O,-1.0
OC1=C=NC(=NF)C#[SH]=C1,-2.0
C#S(=O)CO[SH]=Cl,-1.0
S=COOCl,0.06495687119836707
N#[SH](S)CCl,-2.0
C=S=F,-1.0
C=S(C#CF)S#N,-2.0
O=CCCCS,0.21585687105625215
C=C1ON=NC1(NF)OC=O,0.12381259310642036
O#SC=C=NCl,-1.0
C#COC#O,-1.0
C#S1=S(#N)N(NCl)C#C1,-2.0
O=CN=NC=F,-1.0
COC(=O)S,0.8800504998400501
N=C1C[SH]=C(N=NCl)N1S,-2.0
OC(F)SS,0.2981227264419641
N#CC#SC(F)=S,-2.0
N#CC=C(Cl)[SH]=CO,0.12066772831502015
C=C=CNC=C=F,-1.0
C=COC=F,-1.0
ONC=NCC#F,-1.0
OCCSCl,1.62094640107586
C=NN(C#O)C(C)(O)Cl,-1.0
CS(S)=CF,0.01648312787699885
O=[SH]#COC#Cl,-1.0
N#COONS(=Cl)N=O,-1.0
C=C(Cl)S1(=O)(CC)NOOCOS1(=O)=O,0.738964050565803
ClC12NC3=CC#[SH]1ON=C2N3,-2.0
N#S1=C=NC([SH]=F)NO1,-1.0
COC=C(CO)NCl,0.5420610104983157
S=NC#SCl,-2.0
CSOO[SH]=F,-1.0
O#[SH]1NCON(F)N1,-1.0
CCN=NOF,0.24074420005108588
N#[SH]=[SH]N=CCl,-2.0
C=CC[SH]=S=N,-2.0
C=CCN=F,-1.0
CC[SH]=NO[SH]=O,-2.0
O=[SH]C(=O)Cl,0.22292613856069932
C#[SH]1N(CN)NSC1(C)Cl,-2.0
SN1[SH]=NOC1=CCl,-2.0
N#S1=NN[SH]=NC=C1F,-2.0
CC(Cl)N=O,0.6405055067694695
O=C=[SH](=O)SCl,-2.0
S=C=[SH]#CC=Cl,-1.0
N#SOC(F)[SH](=N)=O,-2.0
O=C=C=C1OOON1Cl,-2.0
CS1(Cl)#COCO1,-2.0
O=C1C#[SH](F)N=NC1,-2.0
C=S(#N)C(=NNF)SO,0.006672792146394297
C#CN=CCl,0.023011356168389396
CC#CC#O,-1.0
CC(=O)NF,2.445638141883707
C#SCNCC,-2.0
C=S1#CN=NO1,-2.0
C=NO[SH]=F,-1.0
N#[SH]=C=N[SH](=O)(O)Cl,-2.0
OC[SH](#[SH])OCl,-2.0
NC(CCO)=NF,0.45542414810951637
N#CN=S1(=O)C=NN=CS(F)=C1,-2.0
C=NNS(#N)(F)C(=N)C#N,0.16595306284617858
ClCS1#COC#CN=1,-2.0
OS1(F)=CON=[SH]N=1,-2.0
CN(Cl)C#O,-1.0
O=C=CNF,0.17409404243311982
O#SSN=COCl,-1.0
O=C=C(F)C=NO,0.1780795708177381
O=[SH]#CCl,-5.0
OOC#S#CS#F,-1.0
C[SH]=NNC=NF,-2.0
N#S(=N)OC#CF,-2.0
O=NN=CCl,0.2742004485689728
O#[SH](O)C=NC=C=NF,-1.0
O=N[SH](=O)=C=C=[SH](=O)F,-2.0
N=COOS,0.043192037222307605
C=C(C)C=F,-1.0
O=C1CC[SH](O)C(F)S1,0.011428792170060391
C=NNC#O,-1.0
NN=COC(=O)OCl,0.35900960011077526
C#S(OC)(ON=C=Cl)SC,-1.0
O=CN=NCl,0.21372632575900796
N#SOC#CC#O,-1.0
C#C[SH](F)ON=NO,-2.0
N#CS#Cl,-1.0
FC(OS)OS,0.04906767234105396
N#CC(=O)NCl,0.5814877511918394
CCOC#CNC,0.5000123183048076
C#CONNOF,0.07902666167633429
ON=S1=C2C#[SH](N(F)OO)C=1NC2,-2.0
O=CC#CO,0.2504628722410934
N=NOC=S1#COC#C1,-2.0
NC(=O)[SH](F)#CO,-2.0
CC(F)=NOOO,0.3486019159000465
NNC(S)Cl,0.07903949610455957
CN=S=NF,0.054174911560255834
CSN1OC#CS1,-2.0
N#SCOCl,0.17376132041601183
C#[SH]=NC#O,-1.0
N#CNNF,0.0677729352412783
C=[SH]#SNC#CN,-2.0
C=S(F)(=NC)NSN,0.021907537192105808
CS12(N)=CC(Cl)=S(#CON1)C=C2,-2.0
CC1N=S(OO)OC(F)[SH]1O,-2.0
C=C=S1=CC=CN=1,-2.0
OOSN(F)N1OOC#S1,-2.0
C[SH](C#CS(N)=O)OCl,-2.0
C#s1c#cnc[nH]o1,-1.0
O=C(F)[SH]1=C=S2ONC=C2C=1,-2.0
C#[SH]=S(#N)OC,-2.0
CNS(=N)#CS,-2.0
C=CC=C=Cl,-1.0
C[SH](#O)O,-1.0
CC(=N)[SH]=N,0.10524401012985517
NC(=O)C=F,-1.0
CC1=CN=[SH]C1Cl,0.005906492630750346
NC#[SH]=CCl,-2.0
FCN=[SH](=S)C1=C=C=CN1,-2.0
C[SH]12=C=NC(O)=NC(Cl)(N=O)C(=C1N)C#C2,-2.0
C=[SH]C(=NCl)C(=N)S,-2.0
CC(Cl)=[SH](O)=[SH]N=NN,-2.0
N=C(Cl)OS#O,-1.0
N#COC(S)N=O,0.14953935486760211
C#CC#SCl,-2.0
OCOC=NOF,0.12648198760880178
N=C=S=Cl,-1.0
CN=C(C[SH]=O)OF,0.03696940804809145
C=NOSC(Cl)=NN=O,0.0903487243276932
N#C[SH](#O)Cl,-1.0
N#S#CN=Cl,-1.0
N#COOSCCO,0.1714042497738128
C=C(C#N)O[SH]=[SH]C,-2.0
C=C(C=N)N=O,0.5145515823656615
O=C=CC(=O)Cl,0.38487005227793075
C=C(Cl)SN=C=O,0.2671013841539737
C#S[SH]=F,-1.0
C#CCN=F,-1.0
NC=S(C#CCl)OS,-2.0
C#[SH]=C(Cl)C#[SH],-2.0
C=C=C=C=N,-2.0
N#C[SH](O)C(C=NCl)=N[SH](#N)O,-2.0
C#S(C=F)=NC=S,-1.0
C[SH]=S=CF,-2.0
NN(OS)OC#COF,0.009854506630407857
C=S(#SCF)N(N)C(N)=O,-2.0
O=CS(=O)OF,0.15460623638343668
N=C(O)[SH]=F,-1.0
NC#SC#CF,-2.0
N#[SH]1CN2C=S1(F)=CN2,-2.0
FCC#CSOS,0.050230055986846774
CSC=Cl,-1.0
C=C1N=C[SH](C)(=C=O)NN1Cl,0.031202069741736917
C=S(C)C(F)=C=O,0.05465518799539686
N=NC#CF,0.016455411824080127
O=CC#CC[SH]=F,-1.0
ClNN=[SH]C1NC#CSN1,-2.0
CN=C=NCl,0.28424262340726764
CCC=CCl,0.5575954735706883
CC#[SH]=CS#N,-2.0
O#[SH]=CO,-1.0
N#CN(O)O[SH]=O,0.0011403003084512475
C#SN=F,-1.0
CN(N)CF,0.3580836911436147
CS(N=N)=S=O,-2.0
N#[SH]=S(O)C(=O)OOF,-2.0
C=[SH](C)=S(=N)=O,-2.0
C=C=[SH]N=C=O,-2.0
NCC=[SH](N)=N[SH]=CF,-2.0
O=C=CC(=O)F,0.28738108291824455
N=C=S(#[SH])Cl,-2.0
N#CSC#CCF,0.3730038047294306
C=CONONN=[SH]C=C,-2.0
C#S(O)(Cl)SO,-2.0
O#SOCCl,-1.0
CC(O)=C=[SH]#N,0.05296659277144128
C[SH](Cl)C#O,-1.0
COC(C)C(=O)O,1.499013494403483
C=N[SH]=C(O)F,0.0517807227963745
C#CC(N)=C(F)C#O,-1.0
N#COOF,0.2004397418755952
O#S1=[SH]#CNO1,-1.0
NS#SNC=NOOCl,-2.0
OOC#S(O)(S)CF,-2.0
C=[SH]C=NCl,-2.0
C#CC=C=S,0.04952375298722313
NCNC#CCl,0.13350263363774056
O=C(F)SNO,0.23244164333880346
OC1N=C=N[SH]1F,-2.0
C#S(CF)=NC#O,-1.0
COOOF,0.4838379459797848
O#CSF,-1.0
N=[SH]#CNCl,-2.0
N#CN=S1#C[SH](Cl)#CNC(C=O)C1,-2.0
CC=COCl,0.2408846820628832
N=CC#S#O,-1.0
C#CN(S)S#N,0.026823805378884305
CS(=O)(Cl)=CS,0.17254859686454208
C#[SH]=[SH]#F,-1.0
C1=COCON=1,-2.0
C[SH](=N)=C=[SH](=O)F,-2.0
N#S(=O)C#CN,0.06344832409752754
N#CC#COS(N)(N=O)#[SH]=N,-2.0
O=CCC#O,-1.0
N#CC#CO[SH](C#F)[SH]=O,-1.0
O=NN=NN=[SH]#CNS,-2.0
C#COC(Cl)=S1#CC=C=S1#N,-2.0
CSC=F,-1.0
N=NN(F)N(NON=O)C(S)=CS,0.05979275802485692
CSNC#Cl,-1.0
CSNN[SH]=N,-2.0
C#[SH](F)S#CN(CO)NO,-2.0
SOCS#CCl,-2.0
O=C(O)C(=N[SH]=S=COO)OCl,0.05963774664479139
O=C(N=NS)SCl,0.20536519579172297
C#S#CSC#F,-1.0
C#CN(N)F,0.13953501693678638
C=NC(=C)Cl,0.1918381843284839
N#C[SH](#N)Cl,-2.0
C=NON=Cl,-1.0
O=C=NNC#F,-1.0
C#COOCC=Cl,-1.0
C=NCNC(Cl)=C=O,0.1989401497035406
CNC(O[SH]=O)=S(C)(=O)OF,0.13089301235127626
O=C=[SH]#CCl,-2.0
O#S#CF,-1.0
NC=NOC=CF,0.26298866272651306
